cardholder_id,name,credit_risk_score,kyc_status,daily_limit
CH_0001,Elizabeth Lopez,382,REJECTED,500
CH_0002,John Garcia,688,PENDING,1000
CH_0003,Michael Smith,600,APPROVED,3000
CH_0004,Sarah Martinez,797,APPROVED,1500
CH_0005,Ashley Gonzalez,624,PENDING,1500
CH_0006,John Garcia,716,PENDING,3000
CH_0007,Jessica Garcia,654,APPROVED,1500
CH_0008,Rachel Jackson,637,REJECTED,500
CH_0009,Nicole Smith,343,APPROVED,5000
CH_0010,William Smith,533,PENDING,1500
CH_0011,Nicole Martin,730,APPROVED,3000
CH_0012,Sarah Miller,493,APPROVED,5000
CH_0013,William Rodriguez,774,PENDING,1000
CH_0014,Amanda Miller,374,APPROVED,5000
CH_0015,Emily Miller,321,APPROVED,500
CH_0016,Thomas Johnson,373,APPROVED,5000
CH_0017,Michael Jones,582,REJECTED,2000
CH_0018,David Anderson,713,APPROVED,1500
CH_0019,John Thomas,766,APPROVED,200
CH_0020,Michael Davis,684,APPROVED,1000
CH_0021,Thomas Garcia,416,APPROVED,1000
CH_0022,Stephanie Davis,488,APPROVED,200
CH_0023,Sarah Anderson,511,REJECTED,200
CH_0024,Jessica Hernandez,682,REJECTED,200
CH_0025,Emily Jackson,715,APPROVED,1500
CH_0026,Michael Williams,711,APPROVED,3000
CH_0027,John Garcia,715,APPROVED,500
CH_0028,Daniel Rodriguez,359,PENDING,3000
CH_0029,Michael Smith,464,PENDING,1500
CH_0030,Nicole Thomas,325,PENDING,5000
CH_0031,Rachel Miller,606,APPROVED,3000
CH_0032,Robert Anderson,413,APPROVED,5000
CH_0033,Emily Hernandez,553,REJECTED,5000
CH_0034,John Gonzalez,364,APPROVED,200
CH_0035,Rachel Williams,811,PENDING,200
CH_0036,James Martin,300,APPROVED,1000
CH_0037,David Brown,738,APPROVED,1500
CH_0038,John Jackson,578,APPROVED,500
CH_0039,Sarah Martin,641,APPROVED,2000
CH_0040,Elizabeth Johnson,621,APPROVED,1000
CH_0041,Michael Hernandez,734,APPROVED,200
CH_0042,Thomas Hernandez,441,REJECTED,500
CH_0043,James Moore,461,APPROVED,200
CH_0044,James Lopez,792,REJECTED,500
CH_0045,Charles Davis,438,APPROVED,3000
CH_0046,Michael Jones,565,REJECTED,500
CH_0047,Nicole Rodriguez,662,APPROVED,2000
CH_0048,Thomas Brown,560,APPROVED,3000
CH_0049,David Martinez,730,APPROVED,5000
CH_0050,Joseph Martinez,750,APPROVED,2000
CH_0051,Thomas Jackson,529,REJECTED,3000
CH_0052,Charles Moore,543,APPROVED,3000
CH_0053,Amanda Thomas,610,APPROVED,1000
CH_0054,Jessica Garcia,694,REJECTED,2000
CH_0055,David Davis,772,APPROVED,200
CH_0056,Michael Johnson,568,APPROVED,1500
CH_0057,James Rodriguez,617,REJECTED,3000
CH_0058,Joseph Martinez,370,APPROVED,1000
CH_0059,Ashley Gonzalez,663,APPROVED,1500
CH_0060,Michael Jones,832,REJECTED,1000
CH_0061,Elizabeth Miller,741,PENDING,2000
CH_0062,Michael Gonzalez,349,REJECTED,500
CH_0063,David Martinez,531,APPROVED,3000
CH_0064,William Williams,631,PENDING,2000
CH_0065,Elizabeth Lopez,592,APPROVED,5000
CH_0066,Daniel Jackson,371,APPROVED,2000
CH_0067,David Taylor,725,REJECTED,500
CH_0068,James Martinez,578,APPROVED,200
CH_0069,Michael Lopez,812,APPROVED,2000
CH_0070,Emily Hernandez,459,APPROVED,200
CH_0071,Joseph Martinez,338,APPROVED,5000
CH_0072,David Johnson,720,REJECTED,1500
CH_0073,Thomas Smith,818,APPROVED,2000
CH_0074,Amanda Brown,460,APPROVED,2000
CH_0075,Charles Taylor,671,REJECTED,3000
CH_0076,Daniel Hernandez,650,APPROVED,2000
CH_0077,Thomas Jones,458,APPROVED,1500
CH_0078,Emily Martin,460,APPROVED,1000
CH_0079,John Jackson,333,APPROVED,500
CH_0080,Robert Johnson,641,APPROVED,500
CH_0081,Charles Jones,391,APPROVED,1000
CH_0082,Daniel Brown,698,PENDING,200
CH_0083,John Jones,576,PENDING,3000
CH_0084,William Jones,364,APPROVED,1500
CH_0085,Sarah Wilson,413,PENDING,5000
CH_0086,Nicole Rodriguez,324,PENDING,3000
CH_0087,Michael Moore,532,PENDING,2000
CH_0088,Sarah Rodriguez,741,APPROVED,5000
CH_0089,Sarah Anderson,687,PENDING,1500
CH_0090,Rachel Williams,722,APPROVED,5000
CH_0091,Nicole Williams,709,PENDING,1000
CH_0092,Nicole Wilson,692,PENDING,2000
CH_0093,Sarah Jackson,488,APPROVED,500
CH_0094,Michael Davis,430,APPROVED,500
CH_0095,Joseph Garcia,569,APPROVED,200
CH_0096,Robert Lopez,806,APPROVED,3000
CH_0097,Stephanie Rodriguez,467,REJECTED,200
CH_0098,Emily Jackson,715,REJECTED,1500
CH_0099,William Johnson,682,APPROVED,500
CH_0100,Michael Garcia,428,PENDING,500
CH_0101,James Martin,368,REJECTED,5000
CH_0102,Rachel Lopez,413,APPROVED,2000
CH_0103,William Johnson,463,APPROVED,1000
CH_0104,Joseph Gonzalez,332,APPROVED,200
CH_0105,William Smith,519,APPROVED,1000
CH_0106,James Garcia,531,REJECTED,500
CH_0107,Thomas Gonzalez,492,PENDING,200
CH_0108,William Williams,846,APPROVED,1000
CH_0109,William Rodriguez,764,APPROVED,3000
CH_0110,Charles Lopez,491,APPROVED,500
CH_0111,Amanda Garcia,846,PENDING,2000
CH_0112,Stephanie Moore,544,APPROVED,1000
CH_0113,Elizabeth Brown,772,REJECTED,2000
CH_0114,Emily Hernandez,467,APPROVED,2000
CH_0115,Stephanie Moore,631,APPROVED,5000
CH_0116,Nicole Rodriguez,698,REJECTED,3000
CH_0117,Amanda Smith,462,APPROVED,1000
CH_0118,Jessica Thomas,769,APPROVED,5000
CH_0119,John Taylor,789,REJECTED,200
CH_0120,Robert Jackson,647,APPROVED,200
CH_0121,Michael Davis,385,APPROVED,1500
CH_0122,William Lopez,697,APPROVED,1000
CH_0123,Ashley Williams,609,PENDING,500
CH_0124,Sarah Martin,847,REJECTED,500
CH_0125,Megan Thomas,639,REJECTED,5000
CH_0126,David Hernandez,612,APPROVED,1500
CH_0127,Sarah Garcia,438,APPROVED,200
CH_0128,Robert Williams,313,APPROVED,1000
CH_0129,Rachel Hernandez,623,APPROVED,500
CH_0130,David Hernandez,686,PENDING,200
CH_0131,Amanda Davis,624,PENDING,1500
CH_0132,Megan Jackson,847,PENDING,5000
CH_0133,Megan Taylor,501,APPROVED,1500
CH_0134,Daniel Johnson,586,PENDING,1500
CH_0135,Sarah Miller,778,REJECTED,200
CH_0136,William Anderson,573,APPROVED,1000
CH_0137,Elizabeth Hernandez,362,PENDING,1000
CH_0138,Jessica Wilson,805,REJECTED,2000
CH_0139,Rachel Martin,780,APPROVED,5000
CH_0140,Megan Garcia,303,APPROVED,2000
CH_0141,Rachel Williams,804,APPROVED,3000
CH_0142,Emily Martinez,619,APPROVED,5000
CH_0143,Thomas Lopez,814,REJECTED,1000
CH_0144,James Moore,434,APPROVED,1000
CH_0145,Stephanie Taylor,361,REJECTED,5000
CH_0146,Charles Martinez,437,APPROVED,5000
CH_0147,Stephanie Davis,587,APPROVED,5000
CH_0148,John Martinez,508,REJECTED,500
CH_0149,Amanda Davis,604,PENDING,5000
CH_0150,Elizabeth Miller,389,APPROVED,5000
CH_0151,Ashley Moore,618,APPROVED,200
CH_0152,Joseph Martinez,646,PENDING,2000
CH_0153,Michael Martinez,499,APPROVED,200
CH_0154,Sarah Wilson,386,APPROVED,5000
CH_0155,Ashley Martinez,529,APPROVED,3000
CH_0156,Amanda Wilson,556,APPROVED,1000
CH_0157,Charles Brown,843,APPROVED,1000
CH_0158,James Gonzalez,568,APPROVED,5000
CH_0159,Charles Martinez,828,REJECTED,5000
CH_0160,Thomas Lopez,477,APPROVED,5000
CH_0161,Elizabeth Jackson,636,REJECTED,3000
CH_0162,Charles Moore,754,APPROVED,1500
CH_0163,Nicole Davis,518,APPROVED,2000
CH_0164,Thomas Garcia,821,REJECTED,500
CH_0165,David Anderson,816,PENDING,1500
CH_0166,Amanda Miller,511,APPROVED,1000
CH_0167,John Anderson,316,APPROVED,200
CH_0168,Charles Lopez,424,PENDING,1000
CH_0169,Nicole Thomas,503,PENDING,1000
CH_0170,David Jones,572,APPROVED,3000
CH_0171,Ashley Martin,381,APPROVED,500
CH_0172,Elizabeth Hernandez,700,APPROVED,5000
CH_0173,Rachel Moore,536,PENDING,500
CH_0174,Stephanie Smith,463,REJECTED,1500
CH_0175,Elizabeth Rodriguez,758,REJECTED,2000
CH_0176,Thomas Hernandez,786,APPROVED,1500
CH_0177,Emily Moore,750,APPROVED,5000
CH_0178,Robert Jackson,680,PENDING,200
CH_0179,Sarah Thomas,336,APPROVED,1500
CH_0180,Ashley Smith,531,REJECTED,200
CH_0181,Rachel Williams,436,APPROVED,2000
CH_0182,Emily Jones,731,APPROVED,2000
CH_0183,Nicole Jackson,814,APPROVED,1000
CH_0184,John Lopez,368,APPROVED,1000
CH_0185,Amanda Rodriguez,553,PENDING,1000
CH_0186,Ashley Davis,670,APPROVED,1000
CH_0187,William Martinez,469,PENDING,2000
CH_0188,Stephanie Garcia,640,APPROVED,200
CH_0189,John Miller,503,APPROVED,3000
CH_0190,Sarah Williams,416,REJECTED,5000
CH_0191,David Anderson,445,PENDING,200
CH_0192,Jessica Smith,306,APPROVED,3000
CH_0193,James Miller,470,APPROVED,2000
CH_0194,Megan Gonzalez,418,REJECTED,3000
CH_0195,Daniel Williams,742,APPROVED,5000
CH_0196,Daniel Martinez,517,REJECTED,200
CH_0197,Jessica Martin,554,REJECTED,1000
CH_0198,Elizabeth Miller,509,APPROVED,2000
CH_0199,Amanda Martin,574,PENDING,1500
CH_0200,David Gonzalez,476,APPROVED,5000
CH_0201,Ashley Wilson,808,REJECTED,3000
CH_0202,Emily Smith,463,APPROVED,1500
CH_0203,Rachel Smith,466,PENDING,200
CH_0204,Jessica Wilson,618,APPROVED,5000
CH_0205,Michael Brown,779,PENDING,3000
CH_0206,Joseph Martinez,408,PENDING,1500
CH_0207,David Wilson,477,APPROVED,2000
CH_0208,Emily Wilson,701,REJECTED,5000
CH_0209,Ashley Johnson,333,REJECTED,2000
CH_0210,David Rodriguez,657,REJECTED,1000
CH_0211,Robert Garcia,605,APPROVED,200
CH_0212,Charles Gonzalez,735,REJECTED,200
CH_0213,Megan Anderson,732,APPROVED,3000
CH_0214,John Jackson,677,APPROVED,200
CH_0215,Michael Wilson,356,PENDING,1000
CH_0216,Sarah Jones,845,APPROVED,1500
CH_0217,Nicole Anderson,579,APPROVED,200
CH_0218,Emily Gonzalez,813,APPROVED,200
CH_0219,Stephanie Jackson,618,PENDING,5000
CH_0220,Sarah Gonzalez,376,APPROVED,1000
CH_0221,Megan Moore,730,PENDING,1500
CH_0222,Nicole Wilson,408,APPROVED,3000
CH_0223,Megan Jones,583,REJECTED,500
CH_0224,Megan Anderson,559,REJECTED,200
CH_0225,William Hernandez,520,REJECTED,2000
CH_0226,Nicole Johnson,361,REJECTED,2000
CH_0227,Stephanie Jones,777,APPROVED,3000
CH_0228,Rachel Hernandez,534,APPROVED,200
CH_0229,Rachel Miller,387,APPROVED,5000
CH_0230,William Johnson,625,APPROVED,3000
CH_0231,Sarah Wilson,694,APPROVED,200
CH_0232,John Davis,697,APPROVED,5000
CH_0233,Daniel Gonzalez,812,REJECTED,500
CH_0234,Emily Martin,326,APPROVED,1000
CH_0235,James Moore,695,APPROVED,1500
CH_0236,James Wilson,659,PENDING,1500
CH_0237,Amanda Anderson,750,APPROVED,2000
CH_0238,James Lopez,783,APPROVED,1000
CH_0239,Megan Anderson,599,APPROVED,5000
CH_0240,David Anderson,518,APPROVED,1500
CH_0241,Sarah Davis,530,REJECTED,5000
CH_0242,William Garcia,483,APPROVED,1500
CH_0243,Robert Rodriguez,758,APPROVED,3000
CH_0244,Stephanie Brown,815,REJECTED,500
CH_0245,Daniel Davis,704,REJECTED,2000
CH_0246,William Taylor,444,APPROVED,3000
CH_0247,John Martin,655,APPROVED,500
CH_0248,William Johnson,382,APPROVED,5000
CH_0249,Emily Moore,711,PENDING,1000
CH_0250,John Jackson,537,PENDING,2000
CH_0251,Ashley Moore,415,APPROVED,3000
CH_0252,Thomas Jones,429,APPROVED,200
CH_0253,Michael Moore,335,APPROVED,500
CH_0254,James Moore,548,REJECTED,1000
CH_0255,Sarah Martin,565,APPROVED,1000
CH_0256,Daniel Lopez,354,APPROVED,500
CH_0257,Michael Miller,426,APPROVED,1000
CH_0258,Amanda Moore,693,PENDING,5000
CH_0259,Emily Miller,797,APPROVED,200
CH_0260,William Miller,411,APPROVED,200
CH_0261,Thomas Garcia,765,PENDING,500
CH_0262,David Martinez,324,APPROVED,1500
CH_0263,Emily Jones,609,APPROVED,1500
CH_0264,James Smith,304,APPROVED,1500
CH_0265,Megan Jackson,679,REJECTED,200
CH_0266,William Williams,831,REJECTED,1500
CH_0267,Nicole Davis,783,APPROVED,1500
CH_0268,Nicole Johnson,716,APPROVED,500
CH_0269,Jessica Davis,554,APPROVED,200
CH_0270,Daniel Martinez,305,APPROVED,3000
CH_0271,Sarah Gonzalez,716,APPROVED,500
CH_0272,Megan Taylor,793,APPROVED,1500
CH_0273,Emily Thomas,740,PENDING,200
CH_0274,Michael Williams,329,APPROVED,3000
CH_0275,John Brown,760,PENDING,3000
CH_0276,Emily Thomas,598,PENDING,2000
CH_0277,Thomas Gonzalez,512,APPROVED,200
CH_0278,Amanda Martin,780,APPROVED,500
CH_0279,Robert Jones,316,APPROVED,3000
CH_0280,Elizabeth Johnson,490,PENDING,2000
CH_0281,Michael Johnson,579,APPROVED,500
CH_0282,James Johnson,764,PENDING,1500
CH_0283,Robert Gonzalez,399,REJECTED,2000
CH_0284,John Moore,678,APPROVED,5000
CH_0285,James Taylor,635,PENDING,1000
CH_0286,Nicole Thomas,377,PENDING,3000
CH_0287,John Lopez,714,PENDING,3000
CH_0288,Jessica Jones,475,PENDING,2000
CH_0289,Nicole Brown,302,PENDING,2000
CH_0290,Charles Jackson,730,APPROVED,200
CH_0291,Stephanie Davis,397,APPROVED,3000
CH_0292,Elizabeth Martinez,523,APPROVED,3000
CH_0293,James Hernandez,715,APPROVED,5000
CH_0294,Sarah Garcia,414,APPROVED,2000
CH_0295,Daniel Wilson,688,REJECTED,500
CH_0296,Joseph Gonzalez,332,PENDING,1000
CH_0297,Amanda Moore,564,APPROVED,5000
CH_0298,Emily Smith,346,PENDING,2000
CH_0299,Stephanie Taylor,543,REJECTED,500
CH_0300,Sarah Moore,838,APPROVED,2000
CH_0301,Robert Williams,379,REJECTED,200
CH_0302,John Lopez,614,PENDING,1000
CH_0303,Robert Thomas,817,APPROVED,2000
CH_0304,William Thomas,533,REJECTED,5000
CH_0305,Joseph Williams,597,APPROVED,1500
CH_0306,Ashley Miller,631,APPROVED,2000
CH_0307,Elizabeth Martinez,539,APPROVED,3000
CH_0308,Megan Johnson,553,APPROVED,200
CH_0309,Megan Miller,641,PENDING,3000
CH_0310,Sarah Jones,609,APPROVED,1000
CH_0311,Elizabeth Miller,309,APPROVED,3000
CH_0312,Sarah Lopez,446,PENDING,1500
CH_0313,Elizabeth Taylor,309,PENDING,3000
CH_0314,Amanda Williams,723,REJECTED,3000
CH_0315,Robert Davis,742,REJECTED,1500
CH_0316,Amanda Martinez,318,APPROVED,5000
CH_0317,Sarah Jones,580,APPROVED,500
CH_0318,Jessica Brown,414,REJECTED,5000
CH_0319,Joseph Hernandez,810,PENDING,2000
CH_0320,Michael Rodriguez,380,PENDING,1000
CH_0321,Rachel Thomas,427,REJECTED,200
CH_0322,Robert Williams,488,REJECTED,3000
CH_0323,Rachel Thomas,790,APPROVED,500
CH_0324,Elizabeth Martin,584,APPROVED,3000
CH_0325,John Moore,661,APPROVED,200
CH_0326,Charles Williams,547,REJECTED,200
CH_0327,John Williams,515,REJECTED,1000
CH_0328,David Thomas,444,REJECTED,5000
CH_0329,Charles Williams,660,REJECTED,200
CH_0330,Sarah Jones,647,APPROVED,1500
CH_0331,David Gonzalez,725,APPROVED,2000
CH_0332,Thomas Smith,677,REJECTED,2000
CH_0333,James Martinez,586,REJECTED,200
CH_0334,William Jones,501,REJECTED,200
CH_0335,Robert Lopez,639,APPROVED,200
CH_0336,Jessica Miller,766,REJECTED,200
CH_0337,Sarah Davis,353,APPROVED,1500
CH_0338,Megan Hernandez,441,REJECTED,500
CH_0339,Charles Hernandez,732,PENDING,1000
CH_0340,Daniel Martin,354,REJECTED,3000
CH_0341,James Moore,401,APPROVED,5000
CH_0342,James Gonzalez,791,APPROVED,5000
CH_0343,Emily Jackson,502,APPROVED,3000
CH_0344,Emily Davis,335,REJECTED,1500
CH_0345,Amanda Jackson,848,REJECTED,5000
CH_0346,John Williams,732,APPROVED,2000
CH_0347,William Martinez,487,REJECTED,500
CH_0348,Rachel Taylor,337,PENDING,3000
CH_0349,Stephanie Lopez,560,APPROVED,2000
CH_0350,Megan Martinez,451,APPROVED,500
CH_0351,James Smith,314,APPROVED,1000
CH_0352,Daniel Johnson,592,REJECTED,5000
CH_0353,Robert Davis,844,APPROVED,2000
CH_0354,Joseph Martinez,447,APPROVED,2000
CH_0355,Rachel Wilson,476,APPROVED,1000
CH_0356,Sarah Martinez,752,APPROVED,5000
CH_0357,Daniel Garcia,300,PENDING,1000
CH_0358,Joseph Johnson,517,APPROVED,500
CH_0359,Joseph Davis,741,APPROVED,2000
CH_0360,Charles Anderson,676,APPROVED,5000
CH_0361,Elizabeth Miller,827,PENDING,1500
CH_0362,Daniel Lopez,412,APPROVED,200
CH_0363,Jessica Gonzalez,692,PENDING,1000
CH_0364,Ashley Lopez,610,APPROVED,1000
CH_0365,Robert Smith,718,APPROVED,1000
CH_0366,David Miller,723,APPROVED,200
CH_0367,Sarah Miller,363,APPROVED,5000
CH_0368,Robert Jackson,309,PENDING,1000
CH_0369,Robert Davis,524,REJECTED,5000
CH_0370,Sarah Martin,568,APPROVED,3000
CH_0371,Sarah Jones,585,APPROVED,1000
CH_0372,Thomas Anderson,382,APPROVED,200
CH_0373,Jessica Smith,405,APPROVED,500
CH_0374,Nicole Rodriguez,759,APPROVED,1000
CH_0375,Daniel Martin,826,APPROVED,2000
CH_0376,Stephanie Lopez,519,APPROVED,3000
CH_0377,Robert Moore,831,PENDING,1500
CH_0378,Ashley Brown,633,APPROVED,2000
CH_0379,Stephanie Johnson,399,APPROVED,5000
CH_0380,Daniel Anderson,317,REJECTED,1500
CH_0381,Sarah Anderson,441,REJECTED,1500
CH_0382,David Martin,550,PENDING,1500
CH_0383,John Hernandez,380,APPROVED,200
CH_0384,Michael Martinez,511,APPROVED,1000
CH_0385,Megan Taylor,598,APPROVED,1000
CH_0386,Daniel Williams,539,APPROVED,5000
CH_0387,Stephanie Johnson,585,PENDING,200
CH_0388,William Rodriguez,688,PENDING,1500
CH_0389,William Garcia,753,REJECTED,1500
CH_0390,James Jackson,699,APPROVED,1500
CH_0391,Joseph Moore,656,APPROVED,1000
CH_0392,Megan Wilson,649,PENDING,2000
CH_0393,John Smith,506,APPROVED,2000
CH_0394,Amanda Garcia,455,APPROVED,200
CH_0395,Megan Moore,512,APPROVED,3000
CH_0396,Elizabeth Martin,421,APPROVED,3000
CH_0397,Daniel Martinez,330,APPROVED,200
CH_0398,Nicole Williams,693,PENDING,5000
CH_0399,Jessica Martinez,528,APPROVED,2000
CH_0400,Daniel Taylor,432,APPROVED,500
CH_0401,Daniel Garcia,752,APPROVED,5000
CH_0402,William Miller,407,APPROVED,500
CH_0403,Ashley Martin,571,APPROVED,1500
CH_0404,David Brown,667,APPROVED,3000
CH_0405,Ashley Moore,313,APPROVED,2000
CH_0406,Thomas Martin,553,APPROVED,3000
CH_0407,Daniel Thomas,545,PENDING,500
CH_0408,Michael Martin,783,APPROVED,500
CH_0409,Jessica Miller,847,REJECTED,5000
CH_0410,James Gonzalez,510,PENDING,3000
CH_0411,John Jackson,679,REJECTED,5000
CH_0412,Ashley Jones,755,APPROVED,1500
CH_0413,Stephanie Anderson,431,APPROVED,1000
CH_0414,Sarah Smith,302,APPROVED,500
CH_0415,Sarah Miller,405,APPROVED,2000
CH_0416,Emily Smith,624,APPROVED,5000
CH_0417,James Thomas,649,APPROVED,1000
CH_0418,Amanda Hernandez,321,APPROVED,200
CH_0419,Ashley Brown,346,APPROVED,2000
CH_0420,David Johnson,358,APPROVED,500
CH_0421,Thomas Johnson,428,APPROVED,1000
CH_0422,Daniel Lopez,627,REJECTED,1000
CH_0423,Rachel Martinez,456,REJECTED,1500
CH_0424,James Williams,482,APPROVED,1500
CH_0425,Thomas Jones,759,APPROVED,3000
CH_0426,John Taylor,438,PENDING,2000
CH_0427,Stephanie Garcia,485,REJECTED,2000
CH_0428,Megan Gonzalez,802,APPROVED,3000
CH_0429,William Jones,823,REJECTED,1500
CH_0430,Ashley Smith,595,APPROVED,200
CH_0431,Jessica Jones,808,PENDING,5000
CH_0432,Elizabeth Taylor,379,APPROVED,200
CH_0433,Rachel Anderson,777,APPROVED,5000
CH_0434,Michael Lopez,301,APPROVED,2000
CH_0435,Jessica Brown,799,PENDING,5000
CH_0436,Sarah Jones,504,REJECTED,1000
CH_0437,Charles Martinez,689,APPROVED,5000
CH_0438,Elizabeth Moore,526,REJECTED,200
CH_0439,Jessica Taylor,830,APPROVED,200
CH_0440,Elizabeth Taylor,714,PENDING,5000
CH_0441,Amanda Rodriguez,615,REJECTED,5000
CH_0442,Stephanie Miller,770,APPROVED,500
CH_0443,Emily Taylor,334,REJECTED,1500
CH_0444,Elizabeth Brown,499,APPROVED,5000
CH_0445,Elizabeth Moore,496,APPROVED,200
CH_0446,James Moore,380,PENDING,1500
CH_0447,Thomas Anderson,374,APPROVED,500
CH_0448,Charles Davis,428,APPROVED,200
CH_0449,Jessica Davis,684,PENDING,500
CH_0450,Stephanie Hernandez,486,REJECTED,1500
CH_0451,Emily Gonzalez,455,APPROVED,200
CH_0452,Megan Johnson,586,APPROVED,1500
CH_0453,Jessica Moore,687,PENDING,5000
CH_0454,Emily Gonzalez,835,APPROVED,3000
CH_0455,Jessica Miller,576,PENDING,200
CH_0456,Robert Hernandez,773,REJECTED,1000
CH_0457,Daniel Martinez,400,PENDING,5000
CH_0458,Robert Williams,385,APPROVED,1500
CH_0459,Amanda Taylor,528,APPROVED,200
CH_0460,Robert Johnson,403,REJECTED,2000
CH_0461,Amanda Smith,786,REJECTED,3000
CH_0462,Ashley Johnson,387,APPROVED,500
CH_0463,Amanda Rodriguez,566,PENDING,1000
CH_0464,Amanda Smith,604,REJECTED,3000
CH_0465,Megan Taylor,432,APPROVED,3000
CH_0466,Joseph Anderson,711,APPROVED,5000
CH_0467,Sarah Gonzalez,399,APPROVED,500
CH_0468,Jessica Anderson,407,APPROVED,500
CH_0469,Megan Garcia,759,APPROVED,2000
CH_0470,Joseph Taylor,703,REJECTED,2000
CH_0471,Ashley Rodriguez,641,APPROVED,1500
CH_0472,Amanda Rodriguez,822,APPROVED,1500
CH_0473,Joseph Lopez,630,APPROVED,1500
CH_0474,Emily Brown,680,APPROVED,2000
CH_0475,Amanda Johnson,672,APPROVED,1000
CH_0476,James Garcia,746,APPROVED,5000
CH_0477,Rachel Garcia,458,REJECTED,1500
CH_0478,James Miller,440,APPROVED,200
CH_0479,Thomas Martinez,359,APPROVED,3000
CH_0480,Amanda Rodriguez,680,REJECTED,2000
CH_0481,Daniel Martinez,466,PENDING,2000
CH_0482,William Williams,501,PENDING,1500
CH_0483,Stephanie Lopez,306,APPROVED,200
CH_0484,Thomas Smith,396,APPROVED,500
CH_0485,Ashley Jones,365,PENDING,1500
CH_0486,William Anderson,556,APPROVED,200
CH_0487,Elizabeth Moore,502,REJECTED,5000
CH_0488,Michael Hernandez,566,PENDING,500
CH_0489,Elizabeth Thomas,686,APPROVED,1000
CH_0490,Sarah Hernandez,742,APPROVED,5000
CH_0491,Ashley Jackson,790,PENDING,3000
CH_0492,William Brown,703,REJECTED,1500
CH_0493,Jessica Wilson,435,REJECTED,1000
CH_0494,David Martinez,613,APPROVED,3000
CH_0495,Ashley Johnson,450,APPROVED,2000
CH_0496,Elizabeth Brown,478,APPROVED,3000
CH_0497,Rachel Thomas,765,APPROVED,200
CH_0498,Jessica Taylor,724,APPROVED,1000
CH_0499,Daniel Martinez,749,REJECTED,2000
CH_0500,Sarah Brown,721,REJECTED,200
CH_0501,Michael Davis,300,APPROVED,5000
CH_0502,Joseph Thomas,301,APPROVED,500
CH_0503,Charles Jackson,821,APPROVED,200
CH_0504,Emily Gonzalez,463,REJECTED,1000
CH_0505,Michael Jackson,619,REJECTED,2000
CH_0506,Nicole Martinez,366,APPROVED,1000
CH_0507,David Anderson,631,PENDING,3000
CH_0508,John Hernandez,348,REJECTED,5000
CH_0509,Stephanie Jackson,302,REJECTED,5000
CH_0510,Nicole Hernandez,734,APPROVED,200
CH_0511,Daniel Rodriguez,785,APPROVED,5000
CH_0512,James Anderson,522,APPROVED,500
CH_0513,Jessica Hernandez,828,APPROVED,200
CH_0514,Daniel Anderson,406,APPROVED,5000
CH_0515,William Anderson,660,REJECTED,3000
CH_0516,Nicole Miller,740,REJECTED,5000
CH_0517,Megan Garcia,425,REJECTED,1000
CH_0518,Nicole Lopez,453,APPROVED,2000
CH_0519,Daniel Martin,424,APPROVED,3000
CH_0520,Nicole Garcia,588,PENDING,1500
CH_0521,Ashley Brown,776,APPROVED,1500
CH_0522,Nicole Thomas,782,REJECTED,500
CH_0523,Michael Miller,378,APPROVED,3000
CH_0524,Sarah Taylor,408,PENDING,200
CH_0525,Sarah Hernandez,447,APPROVED,500
CH_0526,Emily Rodriguez,504,APPROVED,200
CH_0527,Joseph Garcia,607,PENDING,200
CH_0528,Ashley Martin,558,PENDING,1000
CH_0529,Emily Taylor,407,REJECTED,200
CH_0530,Ashley Hernandez,697,REJECTED,2000
CH_0531,Nicole Moore,577,APPROVED,3000
CH_0532,Michael Gonzalez,544,APPROVED,2000
CH_0533,Robert Johnson,783,APPROVED,3000
CH_0534,Joseph Smith,564,APPROVED,1500
CH_0535,William Garcia,566,APPROVED,2000
CH_0536,James Jackson,788,PENDING,1000
CH_0537,William Moore,544,APPROVED,1000
CH_0538,Elizabeth Smith,594,PENDING,1000
CH_0539,Daniel Jones,420,APPROVED,2000
CH_0540,William Martin,805,REJECTED,1500
CH_0541,James Johnson,322,PENDING,500
CH_0542,Stephanie Rodriguez,833,APPROVED,200
CH_0543,Ashley Hernandez,434,APPROVED,5000
CH_0544,Amanda Smith,658,APPROVED,500
CH_0545,Megan Johnson,731,APPROVED,200
CH_0546,James Gonzalez,420,REJECTED,5000
CH_0547,Stephanie Smith,567,PENDING,5000
CH_0548,Megan Williams,560,APPROVED,2000
CH_0549,Stephanie Anderson,685,APPROVED,1000
CH_0550,Thomas Martin,332,APPROVED,200
CH_0551,Daniel Martinez,730,APPROVED,1000
CH_0552,Charles Martin,493,PENDING,1500
CH_0553,James Thomas,728,APPROVED,1000
CH_0554,Daniel Lopez,353,REJECTED,1000
CH_0555,John Taylor,796,APPROVED,200
CH_0556,James Jones,364,REJECTED,3000
CH_0557,David Williams,411,APPROVED,5000
CH_0558,Sarah Anderson,811,APPROVED,200
CH_0559,Daniel Miller,768,REJECTED,2000
CH_0560,Thomas Hernandez,341,APPROVED,500
CH_0561,Joseph Hernandez,784,APPROVED,3000
CH_0562,Nicole Davis,725,APPROVED,5000
CH_0563,Nicole Moore,825,APPROVED,2000
CH_0564,Robert Lopez,459,REJECTED,3000
CH_0565,Emily Lopez,664,APPROVED,5000
CH_0566,Michael Moore,392,APPROVED,500
CH_0567,Sarah Hernandez,454,APPROVED,1500
CH_0568,Jessica Moore,500,APPROVED,1500
CH_0569,James Thomas,735,PENDING,200
CH_0570,James Gonzalez,689,APPROVED,500
CH_0571,Charles Martinez,519,APPROVED,1500
CH_0572,William Moore,849,REJECTED,5000
CH_0573,Nicole Wilson,305,APPROVED,5000
CH_0574,Thomas Hernandez,354,REJECTED,2000
CH_0575,Elizabeth Moore,300,PENDING,500
CH_0576,Thomas Johnson,611,APPROVED,200
CH_0577,Thomas Jones,703,PENDING,1500
CH_0578,Rachel Miller,305,PENDING,5000
CH_0579,Michael Miller,747,APPROVED,5000
CH_0580,James Taylor,470,REJECTED,3000
CH_0581,David Martinez,359,APPROVED,1000
CH_0582,Joseph Garcia,489,APPROVED,200
CH_0583,Rachel Moore,732,PENDING,3000
CH_0584,Sarah Lopez,630,PENDING,500
CH_0585,Charles Anderson,347,PENDING,2000
CH_0586,Amanda Williams,501,PENDING,500
CH_0587,Michael Davis,423,REJECTED,1000
CH_0588,William Thomas,767,PENDING,2000
CH_0589,Joseph Moore,681,APPROVED,500
CH_0590,Jessica Moore,837,PENDING,3000
CH_0591,Robert Jones,743,APPROVED,3000
CH_0592,Amanda Garcia,379,PENDING,200
CH_0593,Jessica Garcia,830,APPROVED,5000
CH_0594,Stephanie Davis,351,APPROVED,5000
CH_0595,Stephanie Williams,667,APPROVED,5000
CH_0596,James Smith,826,APPROVED,5000
CH_0597,William Martinez,755,APPROVED,2000
CH_0598,Stephanie Martinez,400,APPROVED,3000
CH_0599,Stephanie Anderson,719,PENDING,5000
CH_0600,Amanda Smith,514,PENDING,3000
CH_0601,David Garcia,349,APPROVED,2000
CH_0602,Emily Jackson,637,PENDING,3000
CH_0603,Daniel Martinez,459,REJECTED,200
CH_0604,Jessica Martinez,531,PENDING,3000
CH_0605,Thomas Brown,399,APPROVED,1500
CH_0606,Elizabeth Smith,525,APPROVED,3000
CH_0607,Stephanie Miller,776,APPROVED,1500
CH_0608,Emily Miller,525,REJECTED,1500
CH_0609,Thomas Johnson,744,REJECTED,2000
CH_0610,John Hernandez,672,REJECTED,200
CH_0611,Robert Gonzalez,610,REJECTED,1500
CH_0612,Joseph Jones,687,APPROVED,1500
CH_0613,Robert Williams,741,APPROVED,5000
CH_0614,Rachel Gonzalez,409,APPROVED,2000
CH_0615,Rachel Lopez,734,PENDING,1000
CH_0616,Amanda Lopez,447,APPROVED,1000
CH_0617,Elizabeth Williams,802,APPROVED,2000
CH_0618,James Lopez,796,APPROVED,2000
CH_0619,Joseph Jackson,745,APPROVED,5000
CH_0620,Nicole Rodriguez,528,APPROVED,5000
CH_0621,Thomas Lopez,476,PENDING,3000
CH_0622,Amanda Brown,843,PENDING,2000
CH_0623,Daniel Martin,722,APPROVED,3000
CH_0624,Elizabeth Brown,320,APPROVED,500
CH_0625,Nicole Davis,380,PENDING,500
CH_0626,John Johnson,450,REJECTED,500
CH_0627,James Rodriguez,583,REJECTED,200
CH_0628,Daniel Davis,520,PENDING,2000
CH_0629,James Williams,396,APPROVED,200
CH_0630,Robert Moore,824,APPROVED,1000
CH_0631,Joseph Smith,443,APPROVED,2000
CH_0632,Sarah Gonzalez,646,PENDING,200
CH_0633,John Jackson,540,PENDING,500
CH_0634,Rachel Anderson,835,APPROVED,3000
CH_0635,Amanda Jackson,529,REJECTED,500
CH_0636,Robert Anderson,764,REJECTED,2000
CH_0637,Stephanie Miller,602,PENDING,5000
CH_0638,Stephanie Davis,731,REJECTED,500
CH_0639,Michael Rodriguez,508,APPROVED,1000
CH_0640,Joseph Jackson,574,REJECTED,2000
CH_0641,Sarah Jones,321,APPROVED,5000
CH_0642,Thomas Moore,457,APPROVED,1500
CH_0643,Jessica Thomas,554,APPROVED,200
CH_0644,Sarah Garcia,305,REJECTED,200
CH_0645,Thomas Miller,302,PENDING,2000
CH_0646,John Rodriguez,478,PENDING,500
CH_0647,Sarah Johnson,789,PENDING,500
CH_0648,Sarah Taylor,732,PENDING,1000
CH_0649,Ashley Williams,490,APPROVED,1000
CH_0650,Joseph Hernandez,448,PENDING,5000
CH_0651,John Brown,366,PENDING,500
CH_0652,Megan Brown,540,APPROVED,1500
CH_0653,John Brown,413,PENDING,200
CH_0654,Megan Brown,339,APPROVED,5000
CH_0655,William Jones,350,PENDING,1500
CH_0656,Sarah Johnson,644,PENDING,200
CH_0657,Jessica Thomas,606,REJECTED,5000
CH_0658,James Anderson,564,APPROVED,1000
CH_0659,Robert Williams,574,APPROVED,3000
CH_0660,Elizabeth Rodriguez,313,REJECTED,200
CH_0661,William Rodriguez,489,APPROVED,200
CH_0662,Michael Williams,783,APPROVED,200
CH_0663,David Williams,358,PENDING,1000
CH_0664,Emily Taylor,319,REJECTED,1500
CH_0665,Robert Thomas,822,PENDING,200
CH_0666,Rachel Jackson,506,PENDING,1500
CH_0667,Robert Davis,601,APPROVED,200
CH_0668,Ashley Moore,617,REJECTED,1000
CH_0669,Michael Taylor,519,APPROVED,500
CH_0670,Daniel Davis,613,REJECTED,3000
CH_0671,Emily Moore,842,APPROVED,1000
CH_0672,Michael Lopez,653,PENDING,1000
CH_0673,Rachel Garcia,831,REJECTED,1500
CH_0674,Megan Martin,502,APPROVED,2000
CH_0675,Rachel Anderson,560,PENDING,200
CH_0676,Emily Johnson,345,APPROVED,5000
CH_0677,Ashley Martinez,822,APPROVED,500
CH_0678,Amanda Davis,692,APPROVED,1000
CH_0679,William Lopez,759,APPROVED,1500
CH_0680,Sarah Smith,747,APPROVED,3000
CH_0681,Joseph Martin,585,APPROVED,3000
CH_0682,John Jackson,435,PENDING,1000
CH_0683,Michael Lopez,686,APPROVED,2000
CH_0684,Ashley Smith,672,PENDING,1500
CH_0685,Elizabeth Wilson,717,PENDING,1000
CH_0686,William Miller,512,APPROVED,200
CH_0687,Jessica Williams,358,APPROVED,200
CH_0688,Emily Martin,301,APPROVED,3000
CH_0689,Stephanie Lopez,630,APPROVED,3000
CH_0690,Amanda Thomas,588,APPROVED,200
CH_0691,Amanda Lopez,804,APPROVED,500
CH_0692,Amanda Garcia,848,APPROVED,1000
CH_0693,David Miller,301,APPROVED,1000
CH_0694,Daniel Hernandez,603,APPROVED,500
CH_0695,Ashley Gonzalez,553,APPROVED,200
CH_0696,Emily Davis,721,APPROVED,200
CH_0697,James Martin,345,PENDING,200
CH_0698,Michael Wilson,397,APPROVED,5000
CH_0699,Charles Garcia,702,APPROVED,5000
CH_0700,Charles Lopez,476,APPROVED,3000
CH_0701,Nicole Brown,501,REJECTED,5000
CH_0702,Sarah Martin,687,REJECTED,5000
CH_0703,John Martinez,541,APPROVED,3000
CH_0704,Emily Jackson,453,REJECTED,1500
CH_0705,William Davis,344,PENDING,1500
CH_0706,David Jones,801,APPROVED,5000
CH_0707,Stephanie Martinez,784,APPROVED,2000
CH_0708,Sarah Martinez,529,APPROVED,2000
CH_0709,Amanda Garcia,699,APPROVED,5000
CH_0710,Nicole Gonzalez,466,APPROVED,1000
CH_0711,Nicole Jones,606,PENDING,2000
CH_0712,Sarah Martinez,789,APPROVED,200
CH_0713,Daniel Thomas,466,APPROVED,500
CH_0714,Amanda Williams,423,APPROVED,3000
CH_0715,Nicole Gonzalez,789,PENDING,1500
CH_0716,James Brown,454,APPROVED,500
CH_0717,Stephanie Hernandez,353,REJECTED,1500
CH_0718,David Taylor,492,PENDING,1500
CH_0719,Robert Garcia,365,PENDING,5000
CH_0720,Rachel Garcia,820,REJECTED,200
CH_0721,Ashley Miller,844,APPROVED,1000
CH_0722,Ashley Smith,415,APPROVED,500
CH_0723,Elizabeth Taylor,542,APPROVED,1500
CH_0724,James Martin,384,APPROVED,2000
CH_0725,Jessica Lopez,567,APPROVED,1000
CH_0726,Megan Jones,421,APPROVED,200
CH_0727,Elizabeth Williams,686,APPROVED,500
CH_0728,Robert Miller,301,APPROVED,3000
CH_0729,Joseph Taylor,844,PENDING,500
CH_0730,Stephanie Martin,726,APPROVED,2000
CH_0731,Nicole Davis,561,REJECTED,2000
CH_0732,Charles Anderson,775,APPROVED,1500
CH_0733,Joseph Moore,705,APPROVED,1500
CH_0734,Amanda Miller,638,APPROVED,1000
CH_0735,James Davis,742,APPROVED,1000
CH_0736,Thomas Anderson,655,PENDING,1000
CH_0737,John Gonzalez,602,PENDING,500
CH_0738,John Jackson,452,REJECTED,3000
CH_0739,Ashley Taylor,646,REJECTED,3000
CH_0740,Joseph Moore,709,PENDING,500
CH_0741,Joseph Miller,409,APPROVED,5000
CH_0742,John Thomas,606,REJECTED,5000
CH_0743,Nicole Jones,389,PENDING,1500
CH_0744,Elizabeth Miller,310,PENDING,5000
CH_0745,Jessica Thomas,753,PENDING,1000
CH_0746,Jessica Williams,326,PENDING,1500
CH_0747,Nicole Wilson,539,PENDING,500
CH_0748,Emily Williams,497,APPROVED,500
CH_0749,Ashley Thomas,353,APPROVED,500
CH_0750,Amanda Rodriguez,449,APPROVED,1500
CH_0751,James Anderson,815,PENDING,200
CH_0752,Sarah Taylor,460,REJECTED,1500
CH_0753,Rachel Jackson,307,APPROVED,200
CH_0754,Robert Taylor,732,APPROVED,3000
CH_0755,Elizabeth Anderson,828,REJECTED,500
CH_0756,Nicole Anderson,583,REJECTED,500
CH_0757,Ashley Jackson,321,APPROVED,1500
CH_0758,Thomas Garcia,469,APPROVED,1500
CH_0759,David Gonzalez,589,REJECTED,1000
CH_0760,Nicole Hernandez,809,APPROVED,1000
CH_0761,Charles Lopez,463,APPROVED,5000
CH_0762,Rachel Garcia,685,APPROVED,3000
CH_0763,Megan Davis,572,APPROVED,2000
CH_0764,James Martin,650,APPROVED,500
CH_0765,Thomas Taylor,804,APPROVED,2000
CH_0766,Elizabeth Johnson,664,REJECTED,1500
CH_0767,Elizabeth Gonzalez,448,REJECTED,1000
CH_0768,Elizabeth Taylor,334,APPROVED,3000
CH_0769,Jessica Williams,308,PENDING,1500
CH_0770,Thomas Williams,317,REJECTED,200
CH_0771,Charles Hernandez,414,APPROVED,2000
CH_0772,Ashley Jones,522,PENDING,2000
CH_0773,Robert Gonzalez,838,APPROVED,200
CH_0774,Robert Jackson,460,PENDING,3000
CH_0775,Rachel Miller,371,APPROVED,5000
CH_0776,David Thomas,502,REJECTED,1500
CH_0777,Nicole Garcia,528,APPROVED,5000
CH_0778,Elizabeth Taylor,336,APPROVED,5000
CH_0779,Sarah Rodriguez,587,REJECTED,2000
CH_0780,John Brown,315,APPROVED,5000
CH_0781,William Lopez,773,APPROVED,1000
CH_0782,Emily Davis,385,PENDING,500
CH_0783,Rachel Garcia,718,APPROVED,200
CH_0784,Michael Brown,472,APPROVED,1500
CH_0785,David Wilson,674,APPROVED,200
CH_0786,Emily Davis,701,APPROVED,2000
CH_0787,Daniel Lopez,368,APPROVED,2000
CH_0788,Michael Miller,368,PENDING,500
CH_0789,Amanda Taylor,506,PENDING,1500
CH_0790,Jessica Hernandez,772,APPROVED,1500
CH_0791,Robert Johnson,792,PENDING,3000
CH_0792,James Brown,479,REJECTED,1500
CH_0793,Stephanie Jackson,613,APPROVED,1000
CH_0794,Megan Miller,505,APPROVED,500
CH_0795,Michael Martinez,560,APPROVED,3000
CH_0796,Rachel Garcia,604,REJECTED,3000
CH_0797,Megan Lopez,405,PENDING,500
CH_0798,Amanda Rodriguez,629,REJECTED,200
CH_0799,John Miller,640,APPROVED,1000
CH_0800,Stephanie Miller,783,APPROVED,1000
CH_0801,Elizabeth Martinez,832,APPROVED,3000
CH_0802,Ashley Taylor,622,APPROVED,200
CH_0803,Ashley Jones,693,PENDING,200
CH_0804,Jessica Garcia,471,APPROVED,1500
CH_0805,Ashley Taylor,579,APPROVED,5000
CH_0806,Ashley Rodriguez,463,REJECTED,500
CH_0807,Amanda Thomas,339,APPROVED,2000
CH_0808,William Thomas,534,APPROVED,200
CH_0809,Ashley Brown,651,APPROVED,200
CH_0810,Ashley Gonzalez,630,APPROVED,200
CH_0811,John Martin,412,APPROVED,5000
CH_0812,Amanda Anderson,529,APPROVED,1500
CH_0813,Jessica Lopez,608,REJECTED,5000
CH_0814,James Brown,780,APPROVED,200
CH_0815,Megan Miller,707,PENDING,5000
CH_0816,Megan Rodriguez,705,APPROVED,5000
CH_0817,Sarah Anderson,535,PENDING,1500
CH_0818,John Taylor,810,APPROVED,500
CH_0819,Megan Hernandez,359,REJECTED,500
CH_0820,Daniel Martin,833,APPROVED,1000
CH_0821,Michael Jones,786,APPROVED,1500
CH_0822,Stephanie Davis,568,APPROVED,500
CH_0823,Sarah Anderson,613,PENDING,1500
CH_0824,Amanda Smith,647,APPROVED,2000
CH_0825,Stephanie Taylor,350,APPROVED,200
CH_0826,Nicole Wilson,760,REJECTED,2000
CH_0827,Charles Moore,682,APPROVED,3000
CH_0828,Joseph Garcia,531,APPROVED,200
CH_0829,Emily Wilson,632,PENDING,1500
CH_0830,Nicole Anderson,792,REJECTED,200
CH_0831,Elizabeth Taylor,485,APPROVED,1500
CH_0832,Nicole Taylor,506,PENDING,500
CH_0833,William Wilson,585,REJECTED,2000
CH_0834,David Garcia,833,APPROVED,2000
CH_0835,David Wilson,497,PENDING,2000
CH_0836,Thomas Rodriguez,547,PENDING,1000
CH_0837,John Davis,496,PENDING,1000
CH_0838,Amanda Taylor,567,REJECTED,200
CH_0839,John Moore,478,APPROVED,1000
CH_0840,Thomas Jones,819,APPROVED,200
CH_0841,Megan Johnson,714,PENDING,1500
CH_0842,Daniel Miller,683,APPROVED,2000
CH_0843,Charles Garcia,477,APPROVED,2000
CH_0844,Ashley Williams,303,APPROVED,2000
CH_0845,Amanda Johnson,718,PENDING,2000
CH_0846,Jessica Williams,419,PENDING,1500
CH_0847,Charles Thomas,528,APPROVED,500
CH_0848,William Jackson,669,REJECTED,2000
CH_0849,Robert Martin,327,APPROVED,1000
CH_0850,James Taylor,739,APPROVED,1000
CH_0851,William Anderson,496,REJECTED,3000
CH_0852,Ashley Johnson,496,APPROVED,5000
CH_0853,Sarah Smith,848,PENDING,1500
CH_0854,William Williams,321,APPROVED,2000
CH_0855,Sarah Davis,787,APPROVED,3000
CH_0856,Ashley Martin,324,REJECTED,5000
CH_0857,Emily Jackson,398,PENDING,2000
CH_0858,William Williams,834,APPROVED,1500
CH_0859,William Garcia,603,PENDING,1000
CH_0860,James Martinez,490,REJECTED,1000
CH_0861,Rachel Rodriguez,353,PENDING,5000
CH_0862,Daniel Brown,440,APPROVED,200
CH_0863,Michael Smith,737,PENDING,3000
CH_0864,Nicole Thomas,648,APPROVED,1500
CH_0865,Rachel Gonzalez,759,APPROVED,5000
CH_0866,Sarah Moore,734,APPROVED,5000
CH_0867,James Johnson,554,APPROVED,2000
CH_0868,Rachel Lopez,732,APPROVED,500
CH_0869,John Gonzalez,837,APPROVED,5000
CH_0870,Michael Taylor,374,APPROVED,2000
CH_0871,Nicole Davis,423,APPROVED,3000
CH_0872,Amanda Smith,306,PENDING,5000
CH_0873,Sarah Davis,785,APPROVED,500
CH_0874,Sarah Wilson,329,REJECTED,500
CH_0875,Michael Wilson,417,APPROVED,1000
CH_0876,Amanda Smith,563,REJECTED,1000
CH_0877,Rachel Martinez,340,APPROVED,200
CH_0878,Daniel Williams,807,APPROVED,1000
CH_0879,Jessica Moore,331,APPROVED,200
CH_0880,Charles Wilson,413,PENDING,500
CH_0881,James Davis,493,REJECTED,200
CH_0882,Stephanie Lopez,410,PENDING,1500
CH_0883,Ashley Thomas,768,APPROVED,200
CH_0884,Jessica Wilson,548,APPROVED,200
CH_0885,Thomas Martinez,444,APPROVED,2000
CH_0886,Megan Miller,481,PENDING,3000
CH_0887,Jessica Williams,528,APPROVED,1500
CH_0888,James Anderson,568,APPROVED,5000
CH_0889,John Martinez,789,APPROVED,3000
CH_0890,Joseph Taylor,774,REJECTED,1000
CH_0891,Michael Rodriguez,706,PENDING,2000
CH_0892,Sarah Jackson,341,APPROVED,500
CH_0893,John Taylor,798,PENDING,500
CH_0894,William Hernandez,572,APPROVED,200
CH_0895,Emily Lopez,844,APPROVED,200
CH_0896,Elizabeth Smith,546,APPROVED,500
CH_0897,Daniel Smith,398,APPROVED,200
CH_0898,Sarah Moore,489,REJECTED,1000
CH_0899,Emily Johnson,805,PENDING,1000
CH_0900,Megan Miller,328,PENDING,500
CH_0901,Joseph Thomas,585,APPROVED,2000
CH_0902,Sarah Smith,452,APPROVED,1000
CH_0903,Thomas Hernandez,753,APPROVED,500
CH_0904,Charles Martin,656,APPROVED,500
CH_0905,David Smith,518,REJECTED,2000
CH_0906,Jessica Davis,672,APPROVED,3000
CH_0907,John Jackson,658,APPROVED,500
CH_0908,Daniel Brown,590,APPROVED,1500
CH_0909,Nicole Williams,496,PENDING,1000
CH_0910,Michael Anderson,608,APPROVED,1000
CH_0911,Michael Taylor,585,REJECTED,1500
CH_0912,William Martinez,850,APPROVED,2000
CH_0913,Daniel Smith,517,REJECTED,5000
CH_0914,Michael Moore,672,APPROVED,1500
CH_0915,Robert Smith,814,APPROVED,1000
CH_0916,Robert Martinez,531,REJECTED,5000
CH_0917,Charles Smith,470,PENDING,1000
CH_0918,Robert Lopez,635,REJECTED,500
CH_0919,Sarah Hernandez,623,PENDING,3000
CH_0920,Ashley Moore,849,APPROVED,200
CH_0921,John Davis,512,APPROVED,500
CH_0922,Jessica Davis,568,APPROVED,2000
CH_0923,Stephanie Brown,599,REJECTED,1500
CH_0924,Joseph Garcia,704,APPROVED,1000
CH_0925,Amanda Jackson,702,REJECTED,1000
CH_0926,James Brown,685,PENDING,1000
CH_0927,Emily Thomas,510,APPROVED,500
CH_0928,Elizabeth Lopez,837,APPROVED,1500
CH_0929,Elizabeth Thomas,327,APPROVED,500
CH_0930,Ashley Rodriguez,675,APPROVED,1500
CH_0931,Nicole Martinez,443,REJECTED,500
CH_0932,Ashley Brown,686,APPROVED,1500
CH_0933,William Garcia,803,REJECTED,200
CH_0934,Rachel Hernandez,753,REJECTED,1000
CH_0935,David Rodriguez,525,APPROVED,200
CH_0936,Nicole Anderson,694,APPROVED,5000
CH_0937,Stephanie Jackson,732,APPROVED,500
CH_0938,William Martin,343,PENDING,1500
CH_0939,Robert Moore,470,APPROVED,500
CH_0940,Robert Brown,575,APPROVED,2000
CH_0941,Michael Lopez,795,APPROVED,2000
CH_0942,Rachel Jackson,753,APPROVED,200
CH_0943,Stephanie Martinez,837,REJECTED,2000
CH_0944,Michael Williams,551,REJECTED,1500
CH_0945,Ashley Rodriguez,463,PENDING,5000
CH_0946,Stephanie Garcia,621,REJECTED,3000
CH_0947,Elizabeth Martinez,715,REJECTED,1000
CH_0948,Charles Brown,759,PENDING,1500
CH_0949,Megan Jackson,574,APPROVED,1500
CH_0950,Sarah Thomas,633,REJECTED,1000
CH_0951,Nicole Smith,564,PENDING,500
CH_0952,John Gonzalez,606,PENDING,2000
CH_0953,Ashley Anderson,794,APPROVED,1500
CH_0954,Michael Davis,820,REJECTED,3000
CH_0955,John Williams,450,APPROVED,200
CH_0956,Joseph Johnson,392,APPROVED,1500
CH_0957,Jessica Jackson,315,PENDING,5000
CH_0958,Rachel Thomas,435,PENDING,1000
CH_0959,Charles Garcia,468,APPROVED,5000
CH_0960,Amanda Thomas,508,APPROVED,3000
CH_0961,Charles Hernandez,813,APPROVED,1500
CH_0962,William Johnson,414,APPROVED,3000
CH_0963,Joseph Martin,403,PENDING,500
CH_0964,Daniel Williams,764,APPROVED,1000
CH_0965,Joseph Taylor,620,APPROVED,1500
CH_0966,Joseph Moore,751,REJECTED,2000
CH_0967,Sarah Williams,744,APPROVED,200
CH_0968,Charles Gonzalez,550,APPROVED,1500
CH_0969,Michael Davis,719,APPROVED,5000
CH_0970,Daniel Martin,588,APPROVED,1000
CH_0971,Amanda Johnson,481,APPROVED,200
CH_0972,Jessica Martinez,305,APPROVED,1500
CH_0973,John Johnson,377,APPROVED,500
CH_0974,Charles Garcia,307,APPROVED,3000
CH_0975,Charles Davis,447,REJECTED,5000
CH_0976,John Taylor,483,APPROVED,1500
CH_0977,Rachel Thomas,785,PENDING,2000
CH_0978,Ashley Martin,643,APPROVED,500
CH_0979,Michael Moore,367,REJECTED,1000
CH_0980,Sarah Brown,583,PENDING,500
CH_0981,William Davis,636,PENDING,1500
CH_0982,David Jackson,528,APPROVED,500
CH_0983,Charles Martin,419,APPROVED,200
CH_0984,James Rodriguez,815,APPROVED,2000
CH_0985,Amanda Wilson,562,APPROVED,1500
CH_0986,Nicole Anderson,571,APPROVED,5000
CH_0987,Charles Wilson,367,PENDING,2000
CH_0988,Sarah Johnson,462,APPROVED,2000
CH_0989,Ashley Thomas,496,APPROVED,1500
CH_0990,Daniel Martinez,353,APPROVED,1000
CH_0991,Jessica Rodriguez,324,APPROVED,200
CH_0992,Joseph Garcia,700,APPROVED,200
CH_0993,Rachel Brown,334,APPROVED,5000
CH_0994,Elizabeth Garcia,739,APPROVED,5000
CH_0995,John Davis,314,PENDING,1500
CH_0996,Amanda Jackson,482,APPROVED,1500
CH_0997,Ashley Hernandez,559,PENDING,3000
CH_0998,Amanda Martin,304,REJECTED,3000
CH_0999,Elizabeth Anderson,336,APPROVED,5000
CH_1000,Robert Taylor,617,PENDING,500
